project-id,project-key,project-name,project-url,github-org,visibility,github-repo-prefix,issue-user-label
14873,AIQTEST,AIQTest,https:/URLprojects/AIQTEST,OWNER,private,AIQTEST.,status-do-not-migrate
# 7422,AUTO,Auto,https:/URLprojects/AUTO,OWNER,private,AUTO.,
2262,AA,Axway Application,https:/URLprojects/AA,OWNER,private,AA.,
4830,AAAD,AAAdev,https:/URLprojects/AAAD,OWNER,private,AAAD.,
14854,AB,AbRealTime,https:/URLprojects/AB,OWNER,private,AB.,
221,ABBEY,Abbey,https:/URLprojects/ABBEY,OWNER,private,ABBEY.,
16276,ABSG,ABSG,https:/URLprojects/ABSG,OWNER,private,ABSG.,