account_name,email,account,location,
acct-autodev,acct-autodev@bitbucket,acct-autodev,sh Internal Directory,
acct-chdisa_adm,acct-chdisa@cold.org,acct-chdisa_adm,cold-LDAP,
acct-ciadhoc1,Dev-Ayemail.org,acct-ciadhoc1,sh Internal Directory,
acct-ciadhoc10,Dev-Ayemail.org,acct-ciadhoc10,sh Internal Directory,
acct-cimerge9,Dev-Ayemail.org,acct-cimerge9,sh Internal Directory,
acct-gemdba,gemnedbaemail.org,acct-gemdba,sh Internal Directory,
acct-git_se_elliemae,noreply@cold.org,acct-git_se_elliemae,cold-LDAP,
acct-gitlfs,RM-Equantionsemail.org,acct-gitlfs,cold-LDAP,
acct-coldmeta,Vlzhskyemail.org,acct-coldmeta,cold-LDAP,
acct-mims_airflow,slov@cold.org,acct-mims_airflow,cold-LDAP,
